Wall time,Epoch,part_1_bleu
1623513171.434303,1,8.587239265441895
1623513354.162897,2,20.823457717895508
1623513557.1095095,3,37.0211067199707
1623513822.3765728,4,44.824851989746094
1623514076.7865038,5,48.14468002319336
1623514378.455862,6,50.11124038696289
1623514585.869147,7,58.0088005065918
1623514769.7493734,8,57.82339096069336
1623514966.3136759,9,57.63407516479492
1623515201.8318477,10,60.365379333496094
