Wall time,Epoch,part_2_loss
1623503530.1973696,1,1.206363558769226
1623503635.646353,2,1.1111090183258057
1623503746.6026113,3,1.1021047830581665
1623503851.0310042,4,1.1008210182189941
1623503948.203631,5,1.0974841117858887
1623504053.9966884,6,1.1129599809646606
1623504139.5538707,7,1.0974451303482056
1623504228.2115898,8,1.0987482070922852
1623504316.8302703,9,1.0981489419937134
