Wall time,Epoch,part_1_loss
1623513171.434303,1,1.5238995552062988
1623513354.162897,2,1.19917893409729
1623513557.110507,3,1.1360973119735718
1623513822.3765728,4,1.1116745471954346
1623514076.7875013,5,1.1017968654632568
1623514378.4568596,6,1.0981913805007935
1623514585.869147,7,1.0981181859970093
1623514769.75037,8,1.0983656644821167
1623514966.3146746,9,1.1115857362747192
1623515201.8318477,10,1.0967551469802856
