Wall time,Epoch,part_2_bleu
1623503530.196373,1,25.866823196411133
1623503635.6453574,2,49.8968620300293
1623503746.6016154,3,64.27989196777344
1623503851.0300047,4,62.30207061767578
1623503948.2026267,5,65.24676513671875
1623504053.995694,6,78.1395034790039
1623504139.5528722,7,87.09268951416016
1623504228.210592,8,91.23619079589844
1623504316.8292723,9,88.79887390136719
1623504405.0408914,10,89.8437271118164
